0,15,2016-02-26
1,194,2022-11-29
2,109,2020-05-11
3,51,2021-01-23
4,41,2022-03-04
5,49,2019-08-09
6, Cazzu,2020-09-05
7,104,2022-02-04
8,89,2022-01-19
9,1,2016-12-16
10,121,2022-09-19
11,93,2018-08-17
12,102,2022-01-28
13,4,2022-08-02
14,55,2018-01-29
15,53,2016-01-30
16,62,2019-07-12
17,186,2018-06-20
18,21,2016-03-15
19,128,2016-06-03
11,195,2018-08-17
20,148,2020-04-13
21,167,2016-08-16
22,41,2018-06-05
23,77,2021-02-14
24,77,2016-11-12
18,Jonas Brothers,2016-03-15
25,107,2020-05-29
17,191,2018-06-20
26,142,2019-05-04
27,100,2016-04-10
28,49,2020-04-19
0,127,2016-02-26
29,105,2018-08-12
30,168,2019-06-11
31,61,2022-12-19
32,177,2020-06-21
33,55,2022-05-29
0,139,2016-02-26
34,135,2019-06-01
35,97,2022-07-26
6,137,2020-09-05
36,182,2022-09-14
37,82,2021-10-10
38,3,2016-08-01
39,126,2016-03-05
40,31,2016-02-15
41,103,2022-09-16
42,124,2016-06-16
43,20,2021-08-14
44,199,2016-02-15
45,42,2021-04-11
46,48,2020-02-26
47,186,2017-08-24
48,152,2021-07-16
49,95,2020-02-08
50,144,2020-07-24
51,39,2016-07-24
52,85,2020-02-27
53,61,2022-09-07
6,28,2020-09-05
54,65,2022-10-24
55,129,2021-12-05
56,187,2016-03-28
6,97,2020-09-05
57,94,2018-12-08
58,194,2018-01-18
59,30,2018-02-03
60,123,2016-07-21
61,62,2020-04-07
62,162,2019-09-24
63,149,2021-11-09
64,102,2020-12-21
65,95,2017-06-09
24,170,2016-11-12
66,54,2022-11-08
18,139,2016-03-15
67,42,2018-08-05
68,79,2020-06-16
69,83,2021-10-09
70,132,2021-05-01
71,42,2018-04-20
72,79,2021-04-18
73,122,2016-11-04
74,100,2017-09-30
75,63,2018-07-13
76,56,2018-12-04
77,138,2016-02-26
78,82,2020-01-14
79,85,2021-10-05
80,86,2018-01-03
81,138,2016-06-16
82,55,2022-08-07
83,156,2019-10-08
0,148,2016-02-26
84,76,2017-02-02
85,172,2016-06-21
86,46,2017-12-22
87,141,2019-06-08
88,105,2021-05-23
89,44,2021-03-02
90,18,2020-11-09
91,58,2021-03-03
92,124,2018-08-21
93,186,2018-07-07
94,102,2019-02-30
95,197,2016-06-29
73,183,2016-11-04
96,98,2020-01-10
73,88,2016-11-04
97,77,2022-04-01
98,148,2017-05-18
99,50,2021-01-18
100,68,2019-07-07
17,110,2018-06-20
54,123,2022-10-24
18,105,2016-03-15
101,130,2022-08-11
102,104,2022-01-01
54,124,2022-10-24
103,100,2021-2-30
104,146,2020-09-08
105,123,2021-12-11
6,36,2020-09-05
106,169,2021-02-22
11,154,2018-08-17
107,101,2017-08-05
0,2,2016-02-26
108,159,2018-11-14
109,152,2022-07-17
110,1,2016-11-12
111,156,2017-03-28
112,135,2017-12-19
54,61,2022-10-24
113,73,2019-07-08
114,183,2022-04-17
115,133,2020-07-29
116,20,2022-06-02
0,63,2016-02-26
117,11,2017-11-01
118,71,2020-07-03
119,99,2017-02-03
120,136,2021-02-05
121,88,2016-07-04
122,163,2017-08-16
123,62,2019-07-19
124,125,2021-08-07
125,47,2017-04-17
126,114,2016-07-06
127,177,2020-05-12
128,101,2020-12-09
129,148,2020-10-10
130,128,2018-12-23
131,104,2020-07-11
132,172,2019-09-12
133,87,2019-08-25
134,63,2016-03-30
135,72,2016-12-01
136,124,2017-07-13
21,145,2016-08-16
137,142,2017-09-26
138,25,2020-03-28
139,78,2020-02-16
140,112,2020-01-06
141,200,2021-10-15
142,10,2018-04-09
143,150,2019-08-28
144,187,2020-10-18
145,25,2016-07-05
146,200,2019-04-29
147,77,2017-01-16
148,80,2018-02-18
11,169,2018-08-17
149,163,2022-05-14
150,111,2016-09-06
151,194,2016-03-03
152,190,2019-10-23
153,28,2018-05-22
154,99,2022-06-04
155,172,2016-10-21
156,86,2016-04-20
157,9,2018-07-29
158,152,2020-09-18
17,32,2018-06-20
159,82,2019-04-20
160,54,2022-03-23
161,112,2021-05-29
162,92,2020-06-02
163,103,2020-09-06
164,12,2020-02-17
165,43,2021-02-24
18,66,2016-03-15
166,147,2022-06-25
24,60,2016-11-12
167,169,2022-03-22
54,118,2022-10-24
168,105,2017-03-27
169,174,2019-09-30
170,69,2018-09-10
171,112,2019-07-28
172,5,2019-01-12
18,25,2016-03-15
173,112,2017-01-28
174,11,2016-05-30
175,91,2018-11-08
176,165,2022-10-06
3,133,2021-01-23
177,170,2019-10-02
178,133,2018-12-07
179,22,2021-09-25
180,18,2018-08-30
21,37,2016-08-16
181,95,2016-07-19
182,189,2022-12-17
183,158,2018-11-27
184,40,2021-07-09
185,9,2019-05-01
186,0,2021-12-15
187,142,2021-10-08
188,198,2019-12-17
189,157,2022-08-09
190,74,2018-08-02
21,7,2016-08-16
191,5,2021-05-15
192,8,2017-12-08
193,21,2016-02-17
194,50,2018-01-03
195,74,2021-07-22
196,189,2019-03-07
0,165,2016-02-26
197,72,2017-11-13
198,176,2020-10-27
199,65,2020-07-10
